brand,products,shades,lightest,deepest,range,mean,median,sd,q1,q3,pct_deep,pct_deeper_half
NYX Professional Makeup,3,79,87.55,9.68,77.87,54.48822784810127,57.64,20.060544880979144,39.885000000000005,69.685,0.20253164556962025,0.4936708860759494
e.l.f.,5,129,89.96,21.83,68.13,57.38441860465116,59.77,18.964456759083586,39.04,72.65,0.14728682170542637,0.4186046511627907
Makeup by Mario,2,71,90.48,21.51,68.97,59.54816901408451,64.68,19.639260337385355,46.99,74.62,0.16901408450704225,0.352112676056338
Huda Beauty,1,38,92.07,11.22,80.85,59.34473684210526,65.625,20.91954455822284,43.2475,73.52250000000001,0.15789473684210525,0.3157894736842105
Rare Beauty,2,96,91.18,15.88,75.30000000000001,64.91541666666667,69.815,18.29900491494532,54.0325,79.23,0.09375,0.2916666666666667
Hourglass,4,115,91.17,25.01,66.16,63.80173913043478,69.08,16.424470632120393,52.425,77.69,0.06956521739130435,0.28695652173913044
Laura Mercier,6,123,91.82,20.37,71.44999999999999,63.858943089430895,67.61,18.428371783169066,51.495000000000005,78.85499999999999,0.11382113821138211,0.2682926829268293
L'Oreal Paris,11,248,93.2,7.53,85.67,65.03677419354838,70.755,20.62649100677206,55.2175,79.375,0.12903225806451613,0.24193548387096775
Maybelline,8,156,96.96,11.12,85.83999999999999,66.86583333333333,72.445,19.92471449452092,57.58,80.885,0.10897435897435898,0.23717948717948717
Charlotte Tilbury,4,106,93.5,14.76,78.74,65.9854716981132,69.965,18.503472370757382,56.879999999999995,80.0025,0.08490566037735849,0.22641509433962265
