brand,product,shades_collected,shades_in_full_list,shades_in_stock,swatch_type,included,exclusion_reason,source_url,date_collected,collection_note
e.l.f.,Camo CC Cream,30,30,,color code,yes,,https://www.elfcosmetics.com/products/camo-cc-cream,2026-09-28,
e.l.f.,Halo Glow Liquid Filter,15,15,,color code,yes,,https://www.elfcosmetics.com/products/halo-glow-liquid-filter,2026-09-28,
e.l.f.,Halo Glow Skin Tint SPF 50,18,18,,color code,yes,,https://www.elfcosmetics.com/products/halo-glow-skin-tint-spf-50,2026-09-28,
e.l.f.,Hydrating Camo CC Cream,30,30,,color code,yes,,https://www.elfcosmetics.com/products/hydrating-camo-cc-cream,2026-09-28,
e.l.f.,Soft Glam Satin Foundation,36,36,,color code,yes,,https://www.elfcosmetics.com/products/soft-glam-satin-foundation,2026-09-28,
Maybelline,Dream Radiant Liquid Hydrating Foundation,6,6,,color code,yes,,https://www.maybelline.com/face-makeup/foundation-makeup/dream-radiant-liquid-medium-coverage-hydrating-foundation,2026-09-28,
Maybelline,Dream Urban Cover Flawless Coverage Foundation SPF 50,8,8,,color code,yes,,https://www.maybelline.com/face-makeup/foundation-makeup/dream-urban-cover-flawless-coverage-foundation-makeup-spf-50,2026-09-28,
Maybelline,Fit Me Dewy + Smooth Foundation,20,20,,color code,yes,,https://www.maybelline.com/face-makeup/foundation-makeup/fit-me-dewy-smooth-foundation,2026-09-28,
Maybelline,Fit Me Matte + Poreless Foundation,40,40,,color code,yes,,https://www.maybelline.com/face-makeup/foundation-makeup/fit-me-matte-poreless-foundation,2026-09-28,
Maybelline,Instant Age Rewind Eraser Treatment Makeup,16,16,,color code,yes,,https://www.maybelline.com/face-makeup/foundation-makeup/instant-age-rewind-eraser-treatment-makeup,2026-09-28,
Maybelline,Lifter Plump & Glow Foundation,24,24,,color code,yes,,https://www.maybelline.com/face-makeup/foundation-makeup/lifter-plump-and-glow-foundation,2026-09-28,
Maybelline,Super Stay 24HR Skin Tint with Vitamin C,18,18,,color code,yes,,https://www.maybelline.com/face-makeup/foundation-makeup/super-stay-24hr-skin-tint-with-vitamin-c,2026-09-28,
Maybelline,Super Stay Lumi-Matte Foundation,24,24,,color code,yes,,https://www.maybelline.com/face-makeup/foundation-makeup/super-stay-lumi-matte-foundation,2026-09-28,
Huda Beauty,#FauxFilter Luminous Matte Foundation,4,39,1,color code,no,Clearance: 1 of 39 shades in stock; page shows only 4 leftover shades,https://hudabeauty.com/en-us/products/fauxfilter-luminous-matte-foundation-hb00509m,2026-09-28,
Huda Beauty,Easy Blur Natural Airbrush Foundation with Niacinamide,38,38,,color code,yes,,https://hudabeauty.com/en-us/products/easy-blur-natural-airbrush-foundation-with-niacinamide-hb01166m,2026-09-28,
Charlotte Tilbury,Airbrush Flawless Foundation,44,44,41,image,yes,,https://www.charlottetilbury.com/us/product/airbrush-flawless-foundation-shade-1-neutral,2026-09-28,
Charlotte Tilbury,Charlotte's Beautiful Skin Foundation,30,30,30,image,yes,,https://www.charlottetilbury.com/us/product/beautiful-skin-foundation-1-neutral,2026-09-28,
Charlotte Tilbury,Hollywood Flawless Filter,12,12,12,image,yes,,https://www.charlottetilbury.com/us/product/hollywood-flawless-filter-shade-1-fair,2026-09-28,
Charlotte Tilbury,Unreal Skin Sheer Glow Tint Hydrating Foundation Stick,20,20,19,image,yes,,https://www.charlottetilbury.com/us/product/unreal-skin-foundation-stick-1-fair,2026-09-28,
Hourglass,Ambient Soft Glow Foundation,32,32,,color code,yes,,https://www.hourglasscosmetics.com/products/ambient-soft-glow-foundation,2026-09-28,
Hourglass,Illusion Luminous Glow Foundation SPF 30,32,32,,color code,yes,,https://www.hourglasscosmetics.com/products/illusion-luminous-glow-foundation-spf-30,2026-09-28,
Hourglass,Vanish Seamless Finish Foundation Stick,33,33,,color code,yes,,https://www.hourglasscosmetics.com/products/vanish-seamless-finish-foundation-stick,2026-09-28,
Hourglass,Veil Hydrating Skin Tint,18,18,,color code,yes,,https://www.hourglasscosmetics.com/products/veil-hydrating-skin-tint,2026-09-28,
L'Oreal Paris,Age Perfect Radiant Serum Foundation SPF 50,30,30,,color code,yes,,https://www.lorealparisusa.com/makeup/face/foundation-makeup/age-perfect-makeup-radiant-serum-foundation-with-spf-50,2026-09-28,
L'Oreal Paris,Infallible 32H Fresh Wear Foundation,40,40,,color code,yes,,https://www.lorealparisusa.com/makeup/face/foundation-makeup/infallible-32-hour-fresh-wear-foundation-lightweight,2026-09-28,
L'Oreal Paris,Infallible Cushion Foundation,20,20,,color code,yes,,https://www.lorealparisusa.com/makeup/face/foundation-makeup/infallible-cushion-foundation,2026-09-28,
L'Oreal Paris,Infallible Pro-Glow Foundation,12,12,,color code,yes,,https://www.lorealparisusa.com/makeup/face/foundation-makeup/infallible-pro-glow-foundation,2026-09-28,
L'Oreal Paris,Infallible Pro-Matte Foundation,22,22,,color code,yes,,https://www.lorealparisusa.com/makeup/face/foundation-makeup/infallible-pro-matte-foundation,2026-09-28,
L'Oreal Paris,Infallible Skin Ink 2-in-1 Foundation Concealer,22,22,,color code,yes,,https://www.lorealparisusa.com/makeup/face/foundation-makeup/infallible-skin-ink-2-in-1-foundation-concealer,2026-09-28,
L'Oreal Paris,Lumi Le Glow Skin Tint,16,16,,color code,yes,,https://www.lorealparisusa.com/makeup/face/foundation-makeup/lumi-le-glow-tint,2026-09-28,
L'Oreal Paris,True Match Hyaluron Tinted Balm Foundation,12,12,,color code,yes,,https://www.lorealparisusa.com/makeup/face/foundation-makeup/true-match-hyaluron-tinted-balm-foundation,2026-09-28,
L'Oreal Paris,True Match Lumi Healthy Luminous Makeup,15,15,,color code,yes,,https://www.lorealparisusa.com/makeup/face/foundation-makeup/true-match-lumi-healthy-luminous-makeup,2026-09-28,
L'Oreal Paris,True Match Super-Blendable Foundation,47,47,,color code,yes,,https://www.lorealparisusa.com/makeup/face/foundation-makeup/true-match-super-blendable-makeup,2026-09-28,
L'Oreal Paris,Visible Lift Serum Absolute Advanced Age-Reversing Makeup,12,12,,color code,yes,,https://www.lorealparisusa.com/makeup/face/foundation-makeup/visible-lift-serum-absolute-advanced-age-reversing-makeup,2026-09-28,
Laura Mercier,Flawless Lumiere Foundation,30,30,13,color code,yes,,https://www.lauramercier.com/products/flawless-lumiere-foundation,2026-09-28,
Laura Mercier,Real Flawless Weightless Perfecting Waterproof Foundation,31,31,30,color code,yes,,https://www.lauramercier.com/products/real-flawless,2026-09-28,
Laura Mercier,Tinted Blur Balm,8,8,8,color code,yes,,https://www.lauramercier.com/products/tinted-blur-balm,2026-09-28,
Laura Mercier,Tinted Moisturizer Blurred Matte SPF 30,20,20,20,color code,yes,,https://www.lauramercier.com/products/tinted-moisturizer-blurred-matte-broad-spectrum-spf-30-suncreen,2026-09-28,
Laura Mercier,Tinted Moisturizer Light Revealer SPF 25,14,14,14,color code,yes,,https://www.lauramercier.com/products/tinted-moisturizer-light-revealer-natural-skin-illuminator,2026-09-28,
Laura Mercier,Tinted Moisturizer Natural Dewy SPF 30,20,20,19,color code,yes,,https://www.lauramercier.com/products/tinted-moisturizer-natural-dewy-broad-spectrum-spf-30-suncreen,2026-09-28,
NYX Professional Makeup,Bare With Me Blur Tint Foundation,24,24,14,color code,yes,,https://www.nyxcosmetics.com/face/foundation/bare-with-me-blur-skin-tint-foundation/NYX_1050.html,2026-09-28,
NYX Professional Makeup,Buttermelt Glaze Soft Glow Skin Tint SPF 30,10,10,5,color code,yes,,https://www.nyxcosmetics.com/face/foundation/buttermelt-glaze-spf-skin-tint/NYX_1127.html,2026-09-28,
NYX Professional Makeup,Can't Stop Won't Stop Full Coverage Foundation,23,23,0,color code,no,Clearance: 0 of 23 listed shades in stock,https://www.nyxcosmetics.com/cant-stop-wont-stop-full-coverage-foundation/NYX_636.html,2026-09-28,
NYX Professional Makeup,Make 'Em Wonder Soft Matte Buildable Foundation,45,45,45,color code,yes,,https://www.nyxcosmetics.com/face/foundation-makeup/make-%E2%80%98em-wonder-soft-matte-buildable-foundation/NYX_1163.html,2026-09-28,
Rare Beauty,Liquid Touch Weightless Foundation,48,48,14,image,yes,,https://www.rarebeauty.com/products/liquid-touch-weightless-foundation-1,2026-09-28,Page hides sold-out shades; all 48 shades in the product data sampled from the brand's own swatch files (swatch-f-{shade}.png)
Rare Beauty,Positive Light Tinted Moisturizer SPF 20,24,24,2,image,no,Clearance: 2 of 24 shades in stock,https://www.rarebeauty.com/products/positive-light-tinted-moisturizer-broad-spectrum-spf-20-sunscreen,2026-09-28,
Rare Beauty,True to Myself Natural Matte Longwear Foundation,48,48,46,image,yes,,https://www.rarebeauty.com/products/true-to-myself-natural-matte-longwear-foundation,2026-09-28,
Makeup by Mario,SurrealSkin Foundation,39,39,36,image,yes,,https://www.makeupbymario.com/products/surrealskin-foundation,2026-09-28,
Makeup by Mario,SurrealSkin Natural Finish Foundation,32,32,32,image,yes,,https://www.makeupbymario.com/products/surrealskin-natural-finish-foundation,2026-09-28,
